codigo_comuna,comuna,codigo_barrio,nombre_barrio,poblacion_2023,poblacion_2024,poblacion_2025,estrato_promedio,area_m2,Personas en ejercicio de mendicidad,Concentración de habitantes de calle,Concentración de población migrante,Lavaderos informales,Falta de alumbrado público,Mal estacionamiento de vehículos,Inquilinatos,Concentración habitantes de calle según EP
1,Popular,101,Santo Domingo Savio No.1,25316,25762,26191,2,561247.6598,F,V,V,F,F,V,V,F
1,Popular,102,Santo Domingo Savio No.2,9618,9787,9950,1,264750.4525,F,F,F,F,F,F,F,F
1,Popular,103,Popular,26749,27220,27674,1,446896.2089,F,F,F,F,F,V,F,F
1,Popular,104,Granizal,13028,13257,13478,2,244834.6865,F,V,F,F,F,V,F,F
1,Popular,105,Moscú No.2,15975,16256,16527,2,282168.2602,F,V,V,F,F,V,F,F
1,Popular,106,Villa Guadalupe,12423,12642,12853,2,238610.2349,F,F,F,F,F,F,F,F
1,Popular,107,San Pablo,14055,14302,14540,2,210321.4313,F,F,F,F,F,F,F,F
1,Popular,108,El Compromiso,4479,4558,4634,1,71906.15291,F,F,F,F,F,F,F,F
1,Popular,109,Aldea Pablo VI,3280,3338,3394,1,71663.80067,F,F,F,F,F,F,F,F
1,Popular,110,La Esperanza No.2,3836,3904,3969,1,67338.26056,F,F,F,F,F,F,F,F
1,Popular,111,La Avanzada,7782,7919,8051,1,276605.8162,F,F,F,F,F,F,F,F
1,Popular,112,Carpinelo,13188,13420,13644,1,361946.6382,F,F,F,F,F,F,F,F
2,Santa Cruz,201,La Isla,14145,14394,14634,2,213093.7108,F,F,F,F,F,F,F,F
2,Santa Cruz,202,Playón de Los Comuneros,11972,12183,12386,2,205378.6867,F,F,F,F,F,F,F,F
2,Santa Cruz,203,Pablo VI,5586,5684,5779,2,77739.38691,F,F,F,F,F,F,F,F
2,Santa Cruz,204,La Frontera,6563,6679,6790,2,162576.9392,F,F,F,F,F,F,F,F
2,Santa Cruz,205,La Francia,16899,17196,17483,2,341808.6986,F,F,F,F,F,F,F,F
2,Santa Cruz,206,Andalucía,10370,10553,10729,2,228212.8192,F,F,F,F,F,F,F,F
2,Santa Cruz,207,Villa del Socorro,15312,15582,15842,2,229628.0608,F,V,F,F,F,V,F,F
2,Santa Cruz,208,Villa Niza,7428,7559,7685,2,143215.4647,F,F,F,F,F,F,F,F
2,Santa Cruz,209,Moscú No.1,10044,10221,10391,2,190820.9492,F,F,F,F,F,F,F,F
2,Santa Cruz,210,Santa Cruz,15622,15897,16162,2,237218.3947,F,F,F,F,F,F,F,F
2,Santa Cruz,211,La Rosa,8512,8662,8806,2,166181.4151,F,F,F,F,F,F,F,F
3,Manrique,301,La Salle,19351,19692,20020,2,367713.8289,F,F,F,F,F,F,F,F
3,Manrique,302,Las Granjas,29940,30467,30975,2,641349.275,F,F,F,F,F,F,F,F
3,Manrique,303,Campo Valdés No.2,19848,20197,20534,2,388808.9211,F,F,F,F,F,F,F,F
3,Manrique,304,Santa Inés,18385,18709,19021,2,348299.4947,F,F,F,F,F,F,F,F
3,Manrique,305,El Raizal,13975,14221,14458,1,297960.7396,F,F,F,F,F,F,F,F
3,Manrique,306,El Pomar,4023,4094,4162,2,157934.9559,F,F,F,F,F,F,F,F
3,Manrique,307,Manrique Central No.2,6572,6688,6800,3,240903.4686,F,F,F,F,F,F,F,F
3,Manrique,308,Manrique Oriental,15033,15298,15553,2,373291.5594,F,F,F,F,F,F,F,F
3,Manrique,309,Versalles No.1,19570,19914,20246,1,369634.3412,F,F,F,F,F,F,F,F
3,Manrique,310,Versalles No.2,5386,5481,5572,1,248042.934,F,F,F,F,F,F,F,F
3,Manrique,311,La Cruz,10176,10355,10528,1,600546.2146,F,F,F,F,F,F,F,F
3,Manrique,312,Oriente,4696,4779,4859,1,412250.1269,F,F,F,F,F,F,F,F
3,Manrique,313,María Cano-Carambolas,7453,7584,7710,1,352919.4495,F,F,F,F,F,F,F,F
3,Manrique,314,San José La Cima No.1,3321,3379,3435,1,155475.9635,F,F,F,F,F,F,F,F
3,Manrique,315,San José La Cima No.2,2093,2130,2166,1,141615.0184,F,F,F,F,F,F,F,F
4,Aranjuez,401,Berlín,11950,12160,12363,3,300195.1057,F,F,F,F,F,F,F,F
4,Aranjuez,402,San Isidro,17885,18200,18503,2,432192.2459,F,F,F,F,F,V,F,F
4,Aranjuez,403,Palermo,5912,6016,6116,2,219528.0249,F,F,F,F,F,F,F,F
4,Aranjuez,404,Bermejal-Los Álamos,8774,8928,9077,2,159810.3293,F,F,F,F,F,F,F,F
4,Aranjuez,405,Moravia,27386,27868,28333,1,482535.2651,F,V,F,F,F,F,F,V
4,Aranjuez,407,Sevilla,1787,1818,1848,3,270255.5044,F,F,F,F,F,F,F,V
4,Aranjuez,408,San Pedro,4572,4652,4730,3,245843.0915,V,F,F,F,F,V,F,V
4,Aranjuez,409,Manrique Central No.1,8732,8886,9034,3,355580.3233,F,F,F,F,F,F,F,F
4,Aranjuez,410,Campo Valdés No.1,13963,14209,14446,3,372180.9451,F,F,F,F,F,F,F,F
4,Aranjuez,411,Las Esmeraldas,7686,7821,7951,2,152830.7264,F,F,F,F,F,F,F,F
4,Aranjuez,412,La Piñuela,8730,8884,9032,3,217252.3084,F,F,F,F,F,F,F,F
4,Aranjuez,413,Aranjuez,9054,9213,9367,3,361138.511,F,F,F,F,F,F,F,F
4,Aranjuez,414,Brasilia,11486,11688,11883,2,327324.5753,F,F,F,F,F,F,F,F
4,Aranjuez,415,Miranda,6066,6173,6276,2,230378.299,V,F,F,F,F,F,F,F
4,Aranjuez,Inst_10,Jardín Botánico,10,10,10,3,159710.6926,F,F,F,F,F,F,F,F
4,Aranjuez,Inst_11,Universidad de Antioquia,75,76,77,3,312368.6078,F,F,F,F,F,F,F,F
4,Aranjuez,Inst_9,Parque Norte,9,9,9,3,284606.6511,F,F,F,F,F,F,F,F
5,Castilla,501,Toscana,7277,7405,7528,2,290053.9546,F,F,F,F,F,F,F,F
5,Castilla,502,Las Brisas,8169,8313,8452,3,375236.8151,F,F,F,F,F,F,F,F
5,Castilla,503,Florencia,11379,11579,11772,3,292989.1039,F,F,F,F,F,F,F,F
5,Castilla,504,Tejelo,11838,12046,12247,3,423037.3081,F,F,F,F,F,F,F,F
5,Castilla,505,Boyacá,5772,5874,5972,3,256398.8942,F,V,F,F,F,F,F,F
5,Castilla,507,Héctor Abad Gómez,3989,4059,4127,2,240129.9387,F,F,F,F,F,F,F,F
5,Castilla,508,Belalcázar,6107,6215,6319,2,166521.7046,F,F,F,V,F,F,F,F
5,Castilla,509,Girardot,11139,11335,11524,3,512886.0758,F,V,F,F,F,F,F,F
5,Castilla,510,Tricentenario,6627,6744,6856,3,420638.2953,F,F,V,F,V,F,F,F
5,Castilla,511,Castilla,24357,24786,25199,2,552601.7302,F,V,F,F,F,V,F,F
5,Castilla,513,Francisco Antonio Zea,10735,10924,11106,3,233064.8486,F,F,F,F,F,F,F,F
5,Castilla,514,Alfonso López,13086,13316,13538,2,354326.1094,F,F,F,F,F,F,F,F
5,Castilla,517,Caribe,565,575,585,3,601382.3593,F,F,F,F,F,F,F,F
5,Castilla,519,El Progreso,4100,4172,4242,3,407603.2246,F,F,F,F,F,F,F,F
5,Castilla,Inst_1,Plaza de Ferias,7,7,7,3,339279.5971,F,F,F,F,F,F,F,F
5,Castilla,Inst_2,Oleoducto,336,342,348,2,288176.6052,F,V,F,F,F,F,F,F
5,Castilla,Inst_3,Cementerio Universal,25,25,25,3,94191.12712,F,F,F,F,F,F,F,F
5,Castilla,Inst_4,Terminal de Transporte,5,5,5,3,215849.3621,V,V,F,F,V,F,F,F
6,Doce De Octubre,601,Santander,15634,15909,16174,2,414068.6117,F,F,F,F,F,F,F,F
6,Doce De Octubre,602,Doce de Octubre No.1,16950,17248,17536,2,436282.509,F,F,F,F,F,F,F,F
6,Doce De Octubre,603,Doce de Octubre No.2,15990,16271,16542,2,398238.8175,F,V,F,F,F,F,F,F
6,Doce De Octubre,604,Pedregal,22801,23202,23589,3,581057.1776,F,V,F,F,V,F,F,F
6,Doce De Octubre,605,La Esperanza,22732,23132,23518,3,405382.7302,F,F,F,F,F,F,F,F
6,Doce De Octubre,606,San Martín de Porres,17085,17386,17676,2,286864.722,F,V,F,F,V,F,F,F
6,Doce De Octubre,607,Kennedy,29694,30217,30721,2,490943.0499,F,F,F,F,F,F,F,F
6,Doce De Octubre,608,Picacho,20432,20792,21139,2,416246.9625,F,F,F,F,F,F,F,F
6,Doce De Octubre,609,Picachito,4919,5006,5089,1,123730.7481,F,F,F,F,F,F,F,F
6,Doce De Octubre,610,Mirador del Doce,5095,5185,5271,1,64825.75264,F,F,F,F,F,F,F,F
6,Doce De Octubre,611,Progreso No.2,6011,6117,6219,1,115319.9517,F,F,F,F,F,F,F,F
6,Doce De Octubre,612,El Triunfo,4644,4726,4805,1,117075.0263,F,F,F,F,F,F,F,F
7,Robledo,702,B. Cerro El Volador,982,999,1016,2,117617.9867,F,F,F,F,F,F,F,F
7,Robledo,703,San Germán,9476,9643,9804,3,569370.8725,F,F,F,F,F,F,F,F
7,Robledo,706,La Pilarica,7255,7383,7506,4,304179.2201,F,F,F,F,F,F,F,F
7,Robledo,707,Bosques de San Pablo,2550,2595,2638,4,263146.9857,F,F,F,F,F,F,F,F
7,Robledo,708,Altamira,6305,6416,6523,3,367264.8326,F,F,F,F,F,F,F,F
7,Robledo,709,Córdoba,10530,10715,10894,2,234870.3917,F,F,F,V,F,F,F,F
7,Robledo,710,López de  Mesa,5319,5413,5503,3,199916.5213,F,F,F,F,F,F,F,F
7,Robledo,711,El Diamante,18820,19151,19470,2,375485.7828,F,F,F,F,F,F,F,F
7,Robledo,712,Aures No.2,27045,27521,27980,2,647667.6456,F,F,F,F,F,F,F,F
7,Robledo,713,Aures No.1,25204,25648,26076,2,761954.4492,F,F,F,F,F,F,F,F
7,Robledo,714,Bello Horizonte,8549,8699,8844,2,186845.2521,F,F,F,F,F,F,F,F
7,Robledo,715,Villa Flora,6865,6986,7102,2,250779.1025,F,F,F,F,F,F,F,F
7,Robledo,716,Palenque,8327,8474,8615,3,382414.1676,F,F,F,F,F,F,F,F
7,Robledo,717,Robledo,6073,6180,6283,2,446970.2673,F,F,F,F,F,F,F,F
7,Robledo,718,Cucaracho,14889,15151,15404,2,625660.157,F,F,F,F,F,F,F,F
7,Robledo,719,Fuente Clara,2810,2859,2907,2,236441.1734,F,F,F,F,F,F,F,F
7,Robledo,720,Santa Margarita,11292,11491,11683,2,508746.1067,F,F,F,F,F,F,F,F
7,Robledo,722,Olaya Herrera,8599,8750,8896,1,421512.9097,F,F,F,F,F,F,F,F
7,Robledo,723,Pajarito,6378,6490,6598,3,290313.8518,F,F,F,F,F,F,F,F
7,Robledo,724,Monteclaro,14247,14498,14740,2,429504.6305,F,F,F,F,F,F,F,F
7,Robledo,725,Nueva Villa de La Iguaná,2647,2694,2739,1,65026.71847,F,F,F,F,F,F,F,F
7,Robledo,Inst_5,Facultad de Minas,673,685,696,3,243885.3018,F,F,F,F,F,F,F,F
7,Robledo,Inst_6,Facultad Veterinaria y Zootecnia U.de.A.,2,2,2,2,110127.882,F,F,F,F,F,F,F,F
7,Robledo,Inst_7,Ecoparque Cerro El Volador,2556,2601,2644,1,911215.961,F,F,F,F,F,F,F,F
7,Robledo,Inst_8,Universidad Nacional,71,72,73,1,482979.3519,F,F,F,F,F,F,F,F
7,Robledo,SN01,Sin Nombre,1314,1337,1359,3,526123.7612,F,F,F,F,F,F,F,F
8,Villa Hermosa,801,Villa Hermosa,12391,12609,12819,3,393468.1012,F,F,F,F,F,F,F,F
8,Villa Hermosa,802,La Mansión,9768,9940,10106,3,246603.6286,F,F,F,F,F,F,F,V
8,Villa Hermosa,803,San Miguel,11077,11272,11460,3,371565.7442,V,V,F,F,F,F,F,F
8,Villa Hermosa,804,La Ladera,2734,2782,2828,3,542962.0337,F,F,F,F,F,F,F,F
8,Villa Hermosa,805,Batallón Girardot,466,474,482,3,323982.937,F,F,F,F,F,F,F,F
8,Villa Hermosa,806,Llanaditas,10928,11120,11305,1,320557.5531,F,F,V,F,F,F,F,F
8,Villa Hermosa,807,Los Mangos,20693,21057,21408,2,467256.7723,F,F,F,F,F,V,F,F
8,Villa Hermosa,808,Enciso,14278,14529,14771,2,335273.3489,F,F,F,F,F,F,F,F
8,Villa Hermosa,809,Sucre,6682,6800,6913,3,340196.3371,F,F,F,F,F,F,F,F
8,Villa Hermosa,810,El Pinal,19042,19377,19700,2,413416.8046,F,F,F,F,F,F,F,F
8,Villa Hermosa,811,Trece de Noviembre,9812,9985,10151,1,173902.2324,F,F,F,F,F,F,F,F
8,Villa Hermosa,812,La Libertad,11456,11658,11852,2,312386.4933,F,F,F,F,F,F,F,F
8,Villa Hermosa,813,Villatina,14868,15130,15382,2,406625.4317,F,F,V,F,F,F,F,F
8,Villa Hermosa,814,San Antonio,4901,4987,5070,1,152122.8056,F,F,F,F,F,F,F,F
8,Villa Hermosa,815,Las Estancias,10659,10847,11028,1,302012.1405,F,F,F,F,F,F,F,F
8,Villa Hermosa,816,Villa Turbay,4396,4473,4548,1,247840.1661,F,F,F,F,F,F,F,F
8,Villa Hermosa,817,La Sierra,2862,2912,2961,1,212262.6546,F,F,F,F,F,F,F,F
8,Villa Hermosa,819,Villa Lilliam,5704,5804,5901,2,155173.8546,F,F,F,F,F,F,F,F
9,Buenos Aires,901,Juan Pablo II,2861,2911,2960,1,75047.22633,F,F,F,F,F,F,F,F
9,Buenos Aires,902,Barrios de Jesús,13421,13657,13885,2,442235.6673,F,F,F,F,F,F,F,F
9,Buenos Aires,903,Bomboná No.2,20704,21068,21419,2,659648.2216,F,F,F,F,F,V,F,F
9,Buenos Aires,904,Los Cerros El Vergel,9907,10081,10249,3,316939.8966,F,F,F,F,F,F,F,F
9,Buenos Aires,905,Alejandro Echavarría,8750,8904,9052,3,365417.8776,F,F,F,F,F,F,F,F
9,Buenos Aires,906,Barrio Caicedo,6348,6460,6568,3,210183.1827,F,F,F,F,F,F,F,F
9,Buenos Aires,907,Buenos Aires,9216,9378,9534,3,293164.4307,F,F,F,F,F,F,F,F
9,Buenos Aires,908,Miraflores,9006,9165,9318,3,291109.2856,F,F,F,F,F,F,F,F
9,Buenos Aires,909,Cataluña,12099,12312,12517,3,472280.0194,F,F,F,F,F,F,F,F
9,Buenos Aires,910,La Milagrosa,7163,7289,7411,3,199687.9055,F,F,F,F,F,F,F,F
9,Buenos Aires,911,Gerona,10702,10890,11072,3,249124.8455,F,F,F,F,F,F,F,F
9,Buenos Aires,912,El Salvador,16359,16647,16925,3,354795.4622,F,F,F,F,F,F,F,F
9,Buenos Aires,913,Loreto,32362,32932,33481,2,666996.6215,F,F,F,F,F,F,F,F
9,Buenos Aires,914,Asomadera No.1,13583,13822,14052,3,570343.6091,F,F,F,F,F,F,F,F
9,Buenos Aires,915,Asomadera No.2,1251,1273,1294,5,657291.3206,F,F,F,F,F,F,F,F
9,Buenos Aires,916,Asomadera No.3,172,175,178,5,170929.8356,F,F,F,F,F,F,F,F
9,Buenos Aires,917,Ocho de Marzo,2157,2195,2232,1,58069.27346,F,F,F,F,F,F,F,F
10,La Candelaria,1001,Prado,9438,9604,9764,4,624440.2419,F,F,V,F,F,F,F,F
10,La Candelaria,1003,Jesús Nazareno,2240,2279,2317,3,305187.5592,F,F,F,F,F,V,F,V
10,La Candelaria,1004,El Chagualo,6167,6276,6381,3,366479.1302,F,F,F,F,F,F,F,V
10,La Candelaria,1005,Estación Villa,678,690,702,3,195053.9505,V,V,V,F,F,V,V,V
10,La Candelaria,1006,San Benito,691,703,715,3,493350.6485,V,V,V,F,F,F,F,V
10,La Candelaria,1007,Guayaquil,788,802,815,3,318201.4204,F,F,F,F,F,F,F,F
10,La Candelaria,1008,Corazón de Jesús,2537,2582,2625,4,330239.7027,F,F,F,F,F,F,F,F
10,La Candelaria,1011,Calle Nueva,304,309,314,4,229172.1768,F,F,F,F,F,F,F,F
10,La Candelaria,1012,Perpetuo Socorro,78,79,80,3,640206.1076,F,F,F,F,F,F,F,F
10,La Candelaria,1013,Barrio Colón,3206,3262,3316,3,358187.9573,F,V,F,F,F,F,F,V
10,La Candelaria,1014,Las Palmas,8451,8600,8743,3,322941.4824,F,F,F,F,F,F,F,F
10,La Candelaria,1015,Bomboná No.1,6899,7020,7137,3,207288.8588,F,F,F,F,F,F,V,F
10,La Candelaria,1016,Boston,14268,14519,14761,4,535705.9759,V,V,V,F,F,F,F,V
10,La Candelaria,1017,Los Ángeles,6155,6263,6367,4,237106.2289,F,F,F,F,F,F,F,F
10,La Candelaria,1018,Villa Nueva,4433,4511,4586,4,300243.0605,F,F,F,F,F,F,F,V
10,La Candelaria,1019,La Candelaria,3571,3634,3695,4,649228.6572,V,V,V,V,V,V,V,V
10,La Candelaria,1020,San Diego,8556,8707,8852,4,708319.2574,V,V,F,F,F,F,F,V
10,La Candelaria,Inst_16,La Alpujarra,9,9,9,4,316458.7874,F,V,F,F,F,F,F,V
10,La Candelaria,Inst_17,Centro Administrativo,42,43,44,4,136990.5386,F,F,F,F,F,F,F,F
11,Laureles Estadio,1101,Carlos E. Restrepo,4182,4256,4327,4,449895.176,V,V,F,F,V,V,F,V
11,Laureles Estadio,1102,Suramericana,3838,3906,3971,5,488003.7204,V,V,F,F,V,V,F,V
11,Laureles Estadio,1103,Naranjal,1937,1971,2004,4,446352.1049,V,V,F,V,V,V,F,F
11,Laureles Estadio,1104,San Joaquín,6132,6240,6344,4,328394.4117,F,V,F,F,F,F,F,V
11,Laureles Estadio,1105,Los Conquistadores,9312,9476,9634,5,683261.0118,V,V,F,F,F,V,F,F
11,Laureles Estadio,1107,Bolivariana,3747,3813,3877,5,320999.8809,V,V,V,V,F,V,F,V
11,Laureles Estadio,1108,Laureles,13545,13783,14013,5,707014.3314,V,V,F,F,V,V,F,V
11,Laureles Estadio,1109,Las Acacias,5490,5587,5680,5,341239.0582,V,V,V,F,V,V,F,F
11,Laureles Estadio,1110,La Castellana,11094,11289,11477,5,696662.7952,F,F,F,F,F,V,F,F
11,Laureles Estadio,1111,Lorena,7482,7614,7741,5,410861.4027,F,F,F,F,F,F,F,F
11,Laureles Estadio,1112,El Velódromo,5034,5123,5208,5,367628.5594,F,F,F,F,F,F,F,F
11,Laureles Estadio,1113,Estadio,4538,4618,4695,5,363921.5336,F,F,F,F,F,F,F,F
11,Laureles Estadio,1114,Los Colores,12225,12440,12647,4,554667.7203,V,V,F,F,V,V,F,F
11,Laureles Estadio,1115,Cuarta Brigada,4562,4642,4719,4,272442.0636,F,F,F,F,F,V,F,F
11,Laureles Estadio,1117,Florida Nueva,5158,5249,5337,5,249111.0705,F,F,F,F,F,F,F,F
11,Laureles Estadio,Inst_13,Batallón Cuarta Brigada,1365,1389,1412,3,88174.64404,F,F,F,F,F,F,F,F
12,La América,1201,Ferrini,4359,4436,4510,4,199967.8384,F,F,F,F,F,F,F,F
12,La América,1202,Calasanz,4288,4363,4436,5,313244.2865,F,F,F,F,F,F,F,F
12,La América,1203,Los Pinos,3213,3270,3325,4,232997.5514,F,F,V,V,F,V,F,F
12,La América,1204,La América,8688,8841,8988,4,358441.0426,F,F,F,F,F,F,F,V
12,La América,1205,La Floresta,9575,9744,9906,4,422571.8881,V,V,F,F,F,F,F,F
12,La América,1206,Santa Lucía,6949,7071,7189,3,275913.7488,F,F,F,F,F,F,F,F
12,La América,1207,El Danubio,5438,5534,5626,4,212062.2781,F,F,F,F,F,V,F,F
12,La América,1208,Campo Alegre,5495,5592,5685,4,342591.1073,F,F,F,F,F,F,F,F
12,La América,1209,Santa Mónica,7347,7476,7601,4,355860.0763,F,F,F,F,F,F,F,F
12,La América,1210,Barrio Cristóbal,6375,6487,6595,3,236354.0629,V,F,F,F,F,F,F,F
12,La América,1211,Simón Bolívar,4948,5035,5119,5,291448.4107,V,V,F,F,F,F,F,F
12,La América,1212,Santa Teresita,7205,7332,7454,5,317659.1737,F,F,F,F,F,F,F,F
12,La América,1213,Calasanz Parte Alta,10631,10818,10998,3,414262.3182,F,F,F,F,F,F,F,F
12,La América,SN01,Sin Nombre,2342,2383,2423,3,221779.3343,F,F,F,F,F,F,F,F
13,San Javier,1301,El Pesebre,9629,9798,9961,1,121930.1396,F,F,F,F,F,F,F,F
13,San Javier,1302,Blanquizal,5154,5245,5332,1,139971.0331,F,F,F,F,V,F,F,F
13,San Javier,1303,Santa Rosa de Lima,3511,3573,3633,3,272545.8591,F,F,F,F,F,F,F,F
13,San Javier,1304,Los Alcázares,8803,8958,9107,3,106982.4786,F,F,F,F,F,F,F,F
13,San Javier,1305,Metropolitano,3660,3724,3786,2,350934.2682,F,F,F,F,F,F,F,F
13,San Javier,1306,La Pradera,15158,15425,15682,3,224937.292,F,F,F,F,F,F,F,F
13,San Javier,1307,Juan XXIII La Quiebra,9166,9327,9482,1,151082.9162,F,F,F,F,F,F,F,F
13,San Javier,1308,San Javier No.2,4465,4544,4620,3,227533.177,F,F,V,F,F,F,F,F
13,San Javier,1309,San Javier No.1,5443,5539,5631,3,381831.5852,F,F,F,F,F,F,F,F
13,San Javier,1310,Veinte de Julio,13146,13377,13600,2,368036.6791,F,F,F,V,F,F,F,F
13,San Javier,1311,Belencito,5149,5240,5327,4,349073.8716,F,F,F,F,F,F,F,F
13,San Javier,1312,Betania,6977,7100,7218,2,203072.3855,F,F,F,F,F,F,F,F
13,San Javier,1313,El Corazón,4614,4695,4773,2,254173.1801,F,F,F,F,F,F,F,F
13,San Javier,1314,Las Independencias,16343,16631,16908,1,224237.3461,F,F,F,F,F,F,F,F
13,San Javier,1315,Nuevos Conquistadores,10961,11154,11340,1,438633.5901,F,F,F,F,F,F,F,F
13,San Javier,1316,El Salado,17182,17484,17775,1,236240.746,F,F,F,F,F,F,F,F
13,San Javier,1317,Eduardo Santos,4825,4910,4992,2,393839.8547,F,F,F,F,F,F,F,F
13,San Javier,1318,Antonio Nariño,16772,17067,17352,2,182432.4441,F,F,F,F,F,F,F,F
13,San Javier,1319,El Socorro,8597,8748,8894,2,401681.0583,F,F,F,F,F,F,F,F
13,San Javier,SN01,Sin Nombre,6254,6364,6470,3,935204.9838,F,F,F,F,F,F,F,F
14,El Poblado,1401,Barrio Colombia,198,201,204,3,606172.2378,F,F,F,F,F,F,F,V
14,El Poblado,1403,Villa Carlota,4738,4821,4901,5,230059.4288,F,F,F,F,F,F,F,V
14,El Poblado,1404,Castropol,9948,10123,10292,6,486145.0493,F,F,F,F,F,F,F,F
14,El Poblado,1405,Lalinde,2664,2711,2756,6,335753.4667,F,F,F,F,F,F,F,F
14,El Poblado,1406,Las Lomas No.1,3177,3233,3287,6,910950.66,F,F,F,F,F,F,F,F
14,El Poblado,1407,Las Lomas No.2,2591,2637,2681,6,1174852.079,F,F,F,F,F,F,F,F
14,El Poblado,1408,Altos del Poblado,3846,3914,3979,5,965370.623,F,F,F,F,F,F,F,F
14,El Poblado,1409,El Tesoro,10237,10417,10591,5,1403626.022,F,F,F,F,F,F,F,F
14,El Poblado,1410,Los Naranjos,6835,6955,7071,4,1228345.8,F,F,F,F,F,F,F,F
14,El Poblado,1411,Los Balsos No.1,10177,10356,10529,5,661034.2747,F,F,F,F,F,F,F,F
14,El Poblado,1412,San Lucas,8900,9057,9208,5,722753.8896,F,F,F,F,F,F,F,F
14,El Poblado,1413,El Diamante No.2,7109,7234,7355,6,486359.7573,F,F,F,F,F,F,F,F
14,El Poblado,1414,El Castillo,2045,2081,2116,6,432152.308,F,F,F,F,F,F,F,F
14,El Poblado,1415,Los Balsos No.2,6476,6590,6700,6,767666.0546,F,F,F,F,F,F,F,F
14,El Poblado,1416,Alejandría,5205,5297,5385,5,261432.5053,F,F,F,F,F,F,F,F
14,El Poblado,1417,La Florida,8892,9049,9200,5,274138.6755,F,F,F,F,F,F,F,F
14,El Poblado,1418,El Poblado,409,416,423,4,222216.4224,F,F,F,F,F,F,F,V
14,El Poblado,1419,Manila,823,837,851,4,729056.068,F,F,F,F,F,F,F,F
14,El Poblado,1420,Astorga,654,666,677,5,622090.1561,F,V,F,F,F,F,F,V
14,El Poblado,1421,Patio Bonito,6118,6226,6330,6,558375.6032,F,F,F,F,F,F,F,F
14,El Poblado,1422,La Aguacatala,2307,2348,2387,6,230563.6544,F,V,F,F,F,F,F,V
14,El Poblado,1423,Santa María de Los Ángeles,7548,7681,7809,6,679707.514,F,F,F,F,F,F,F,F
15,Guayabal,1502,Tenche,21,21,21,3,1025085.018,F,F,F,F,F,F,F,V
15,Guayabal,1503,Trinidad,11378,11578,11771,3,1037057.613,F,V,F,V,F,F,F,V
15,Guayabal,1504,Santa Fé,8865,9021,9171,4,759522.0029,F,V,F,F,F,F,F,V
15,Guayabal,1507,Campo Amor,7567,7700,7828,4,747197.1853,F,F,F,F,F,F,F,V
15,Guayabal,1509,Cristo Rey,13701,13942,14174,3,677858.0917,F,V,F,F,F,F,F,V
15,Guayabal,1510,Guayabal,2282,2322,2361,3,1390663.219,F,F,F,F,F,F,F,F
15,Guayabal,1511,La Colina,17908,18223,18527,2,741103.3662,F,F,F,F,V,F,F,F
15,Guayabal,Inst_19,Parque Juan Pablo II,1668,1697,1725,4,434653.6954,F,F,F,F,F,F,F,F
15,Guayabal,Inst_20,El Rodeo,5,5,5,3,605072.4024,F,F,F,F,V,F,F,F
16,Belén,1601,Fátima,8978,9136,9288,4,534932.7089,F,F,F,F,F,F,F,F
16,Belén,1602,Rosales,7594,7728,7857,5,184341.424,F,F,F,F,F,F,F,F
16,Belén,1603,Belén,9778,9950,10116,4,567858.0449,F,V,V,F,F,F,F,F
16,Belén,1604,Granada,4087,4159,4228,3,354695.5337,F,F,F,F,F,F,F,V
16,Belén,1605,San Bernardo,22096,22485,22860,3,317832.5346,F,F,F,F,F,F,F,F
16,Belén,1606,Las Playas,10848,11039,11223,3,508240.3253,F,F,F,F,F,F,F,F
16,Belén,1607,Diego Echavarría,5573,5671,5766,4,462119.3491,F,F,F,F,F,F,F,F
16,Belén,1608,La Mota,10406,10589,10766,3,662338.3138,F,F,F,F,F,F,F,F
16,Belén,1609,La Hondonada,15484,15757,16020,2,485033.681,F,F,F,F,F,F,F,F
16,Belén,1610,El Rincón,24006,24429,24836,2,611237.9123,F,F,F,F,F,F,F,F
16,Belén,1611,La Loma de Los Bernal,17628,17938,18237,4,403435.813,F,F,F,F,F,F,F,F
16,Belén,1612,La Gloria,13409,13645,13872,4,334168.5964,F,F,F,F,F,F,F,F
16,Belén,1613,Altavista,16097,16380,16653,2,279886.1052,V,V,V,F,F,F,F,F
16,Belén,1614,La Palma,6348,6460,6568,4,598538.7672,F,F,F,F,F,F,F,F
16,Belén,1615,Los Alpes,6819,6939,7055,3,376395.7346,F,F,F,F,F,F,F,F
16,Belén,1616,Las Violetas,13946,14191,14428,2,188599.4696,F,F,F,F,F,F,F,F
16,Belén,1617,Las Mercedes,9973,10149,10318,3,164413.6413,F,F,F,F,F,F,F,F
16,Belén,1618,Nueva Villa del Aburrá,3099,3154,3207,5,248378.3486,F,F,F,F,F,F,F,F
16,Belén,1619,Miravalle,4221,4295,4367,4,135109.1373,F,F,F,F,F,F,F,F
16,Belén,1620,El Nogal-Los Almendros,3989,4059,4127,5,399181.9722,F,F,F,F,F,F,F,V
16,Belén,1621,Cerro Nutibara,809,823,837,4,534741.0051,F,F,F,F,F,F,F,F
16,Belén,Inst_18,Cerro Nutibara,28,29,29,2,8856231.996,F,F,F,F,F,F,F,V
16,Belén,SN02,Sin Nombre,827,842,856,2,132768.3641,F,F,F,F,F,F,F,F
50,San Sebastián De Palmitas,5003,Urquitá,824,839,853,2,5549356.6,F,F,F,F,F,F,F,F
50,San Sebastián De Palmitas,5008,Potrera Miserenga,824,839,853,2,5267379.372,F,F,F,F,F,F,F,F
50,San Sebastián De Palmitas,5004,Palmitas Sector Central,824,839,853,2,9517077.845,F,F,F,F,F,F,F,F
50,San Sebastián De Palmitas,5002,La Sucia,824,839,853,2,2622572.572,F,F,F,F,F,F,F,F
50,San Sebastián De Palmitas,5007,La Aldea,824,839,853,2,1967893.511,F,F,F,F,F,F,F,F
50,San Sebastián De Palmitas,5006,La Frisola,824,839,853,2,8813367.002,F,F,F,F,F,F,F,F
50,San Sebastián De Palmitas,5005,Volcana Guayabal,824,839,853,2,10893428.05,F,F,F,F,F,F,F,F
50,San Sebastián De Palmitas,5001,La Suiza,824,839,853,2,13161602.69,F,F,F,F,F,F,F,F
60,San Cristóbal,6015,Las Playas,1764,1795,1825,2,1354306.034,F,F,F,F,F,F,F,F
60,San Cristóbal,AE2,Área de Expansión San Cristóbal,1764,1795,1825,2,888184.2145,F,F,F,F,F,F,F,F
60,San Cristóbal,AE3,Eduardo Santos,1764,1795,1825,2,50997.86388,F,F,F,F,F,F,F,F
60,San Cristóbal,AUC1,Cabecera Urbana Corregimiento San Cristóbal,122262,124414,126488,2,12786.84174,F,F,F,F,F,F,F,F
60,San Cristóbal,6006,Boquerón,1764,1795,1825,2,5584072.723,F,F,F,F,F,F,F,F
60,San Cristóbal,6010,El Carmelo,1764,1795,1825,2,1035410.264,F,F,F,F,F,F,F,F
60,San Cristóbal,6008,La Ilusión,1764,1795,1825,2,3069597.079,F,F,F,F,F,F,F,F
60,San Cristóbal,6001,La Palma,1764,1795,1825,2,7143696.484,F,F,F,F,F,F,F,F
60,San Cristóbal,AE1,Área de Expansión Pajarito,1764,1795,1825,2,2369952.715,F,F,F,F,F,F,F,F
60,San Cristóbal,6014,La Loma,1764,1795,1825,2,6576280.1,F,F,F,F,F,F,F,F
60,San Cristóbal,6009,Yolombo,1764,1795,1825,2,4183249.218,F,F,F,F,F,F,F,F
60,San Cristóbal,6011,El Picacho,1764,1795,1825,2,1805337.923,F,F,F,F,F,F,F,F
60,San Cristóbal,6004,La Cuchilla,1764,1795,1825,2,1990889.539,F,F,F,F,F,F,F,F
60,San Cristóbal,6017,El Llano,1764,1795,1825,2,1174154.463,F,F,F,F,F,F,F,F
60,San Cristóbal,6007,San José de La Montaña,1764,1795,1825,2,3829326.891,F,F,F,F,F,F,F,F
60,San Cristóbal,6005,Naranjal,1764,1795,1825,2,1971796.975,F,F,F,F,F,F,F,F
60,San Cristóbal,6012,Pajarito,1764,1795,1825,2,1029468.121,F,F,F,F,F,F,F,F
60,San Cristóbal,6003,El Uvito,1764,1795,1825,2,1743172.412,F,F,F,F,F,F,F,F
60,San Cristóbal,6016,Travesías,1764,1795,1825,2,1533561.713,F,F,F,F,F,F,F,F
60,San Cristóbal,6013,Pedregal Alto,1764,1795,1825,2,3108047.018,F,F,F,F,F,F,F,F
60,San Cristóbal,6002,El Patio,1764,1795,1825,2,3063874.791,F,F,F,F,F,F,F,F
70,Altavista,7004,San Pablo,1867,1900,1932,2,3249006.021,F,F,F,F,F,F,F,F
70,Altavista,7002,Aguas Frías,1867,1900,1932,2,3359884.057,F,F,F,F,F,F,F,F
70,Altavista,AE5,Área de Expansión Altavista,1867,1900,1932,2,187810.6614,F,F,F,F,F,F,F,F
70,Altavista,AE6,Área de Expansión Belén Rincón,1867,1900,1932,2,332744.0397,F,F,F,F,F,F,F,F
70,Altavista,7007,San José del Manzanillo,1867,1900,1932,2,2072607.583,F,F,F,F,F,F,F,F
70,Altavista,7005,Altavista Sector Central,1867,1900,1932,2,2925382.19,F,F,F,F,F,F,F,F
70,Altavista,7001,Buga Patio Bonito,1867,1900,1932,2,4146229.048,F,F,F,F,F,F,F,F
70,Altavista,7006,La Esperanza,1867,1900,1932,2,2040757.482,F,F,F,F,F,F,F,F
70,Altavista,7008,El Jardín,1867,1900,1932,2,2907807.72,F,F,F,F,F,F,F,F
70,Altavista,AE4,Área de Expansión El Noral,1867,1900,1932,2,142770.7507,F,F,F,F,F,F,F,F
70,Altavista,7003,El Corazón El Morro,1867,1900,1932,2,7361618.605,F,F,F,F,F,F,F,F
70,Altavista,7005,Altavista Sector Central,24652,25086,25504,2,5249.7384,F,F,F,F,F,F,F,F
80,San Antonio de Prado,8007,La Verde,1221,1243,1264,3,6694637.856,F,F,F,F,F,F,F,F
80,San Antonio de Prado,8003,Montañita,1221,1243,1264,3,2332445.012,F,F,F,F,F,F,F,F
80,San Antonio de Prado,AUC2,San Antonio de Prado,108840,110756,112602,3,3875714,F,F,F,F,F,F,F,F
80,San Antonio de Prado,8001,La Florida,1221,1243,1264,3,2819043.184,F,F,F,F,F,F,F,F
80,San Antonio de Prado,8006,El Salado,1221,1243,1264,3,7326514.184,F,F,F,F,F,F,F,F
80,San Antonio de Prado,8008,San José,1221,1243,1264,3,381443.0403,F,F,F,F,F,F,F,F
80,San Antonio de Prado,8005,El Astillero,1221,1243,1264,3,14311116.87,F,F,F,F,F,F,F,F
80,San Antonio de Prado,8002,Potrerito,1221,1243,1264,3,4283351.8,F,F,F,F,F,F,F,F
80,San Antonio de Prado,AE7,Área de Expansión San Antonio de Prado,1221,1243,1264,3,867148.0945,F,F,F,F,F,F,F,F
80,San Antonio de Prado,8004,Yarumalito,1221,1243,1264,3,17670965.79,F,F,F,F,F,F,F,F
90,Santa Elena,9002,Media Luna,2561,2606,2649,3,74175883,F,F,F,F,F,F,F,F
90,Santa Elena,9004,Barro Blanco,2561,2606,2649,3,3117983.049,F,F,V,F,F,F,F,F
90,Santa Elena,9010,Piedra Gorda,2561,2606,2649,3,3016088.716,F,F,F,F,F,F,F,F
90,Santa Elena,9006,Santa Elena Sector Central,4119,4192,4262,3,3229024.229,V,F,F,F,F,F,F,F
90,Santa Elena,9005,El Placer,2561,2606,2649,3,2041703.004,F,F,F,F,F,F,F,F
90,Santa Elena,9009,El Plan,2561,2606,2649,3,6175488.815,F,F,F,F,F,F,F,F
90,Santa Elena,9008,El Llano SE,2561,2606,2649,3,2117976.882,F,F,F,F,F,F,F,F
90,Santa Elena,9007,El Cerro,2561,2606,2649,3,1836604.147,F,F,F,F,F,F,F,F
90,Santa Elena,9001,Las Palmas,2561,2606,2649,3,15898101.28,F,F,F,F,F,F,F,F
90,Santa Elena,9011,Mazo,2561,2606,2649,3,5012250.629,F,F,F,F,F,F,F,F
90,Santa Elena,9003,Piedras Blancas - Matasano,2561,2606,2649,3,22235867.94,F,F,F,F,V,F,F,F
90,Santa Elena,9001,Las Palmas,2561,2606,2649,3,50249.1589,F,F,F,F,F,F,F,F
